tweet_id,favorite_count,retweet_count
666020888022790149,2498,493
666029285002620928,124,46
666033412701032449,120,43
666044226329800704,288,135
666049248165822465,104,41
666050758794694657,129,56
666051853826850816,1185,824
666055525042405380,421,232
666057090499244032,283,136
666058600524156928,108,57
666063827256086533,458,211
666071193221509120,139,57
666073100786774016,312,157
666082916733198337,111,43
666094000022159362,158,70
666099513787052032,149,64
666102155909144576,76,11
666104133288665088,13885,6296
666268910803644416,99,34
666273097616637952,167,75
666287406224695296,141,63
666293911632134144,484,342
666337882303524864,191,88
666345417576210432,283,131
666353288456101888,211,71
666362758909284353,752,553
666373753744588802,180,87
666396247373291520,161,81
666407126856765440,103,37
666411507551481857,428,320
666418789513326592,119,45
666421158376562688,309,112
666428276349472768,161,81
666430724426358785,307,193
666435652385423360,161,52
666437273139982337,120,47
666447344410484738,99,19
666454714377183233,507,207
666644823164719104,228,78
666649482315059201,1099,610
666691418707132416,185,46
666701168228331520,423,214
666739327293083650,231,65
666776908487630848,342,171
666781792255496192,378,186
666786068205871104,743,482
666804364988780544,233,91
666817836334096384,506,246
666826780179869698,248,95
666835007768551424,209,79
666837028449972224,802,549
666983947667116034,2517,972
666996132027977728,241,93
667012601033924608,441,220
667044094246576128,182,50
667062181243039745,214,53
667065535570550784,163,46
667070482143944705,82,14
667073648344346624,397,122
667090893657276420,329,125
667119796878725120,325,127
667138269671505920,4548,2190
667152164079423490,47136,16898
667160273090932737,254,61
667165590075940865,2656,1127
667171260800061440,219,88
667174963120574464,238,82
667176164155375616,606,463
667177989038297088,189,55
667182792070062081,14190,6153
667188689915760640,735,414
667192066997374976,381,105
667200525029539841,604,260
667211855547486208,485,241
667369227918143488,360,162
667393430834667520,190,54
667405339315146752,460,220
667435689202614272,303,83
667437278097252352,445,235
667443425659232256,773,574
667453023279554560,306,88
667455448082227200,189,59
667470559035432960,251,99
667491009379606528,527,223
667495797102141441,513,268
667502640335572993,529,218
667509364010450944,6720,2120
667517642048163840,367,191
667524857454854144,1677,1102
667530908589760512,460,237
667534815156183040,810,536
667538891197542400,203,65
667544320556335104,856,526
667546741521195010,333,124
667549055577362432,5750,2284
667550882905632768,0,33
667550904950915073,0,35
667724302356258817,478,317
667728196545200128,377,151
667766675769573376,440,215
667773195014021121,235,57
667782464991965184,406,245
667793409583771648,694,332
667801013445750784,327,97
667806454573760512,1050,495
667832474953625600,290,62
667861340749471744,237,78
667866724293877760,2987,1029
667873844930215936,622,406
667878741721415682,389,119
667885044254572545,807,485
667886921285246976,1876,1091
667902449697558528,845,375
667911425562669056,491,307
667915453470232577,209,55
667924896115245057,299,113
667937095915278337,1254,789
668113020489474048,664,242
668142349051129856,567,283
668154635664932864,491,319
668171859951755264,488,195
668190681446379520,654,197
668204964695683073,553,197
668221241640230912,509,198
668226093875376128,298,104
668237644992782336,6177,2861
668248472370458624,977,493
668256321989451776,1303,619
668268907921326080,553,237
668274247790391296,819,232
668286279830867968,503,137
668291999406125056,242,31
668297328638447616,616,298
668466899341221888,878,523
668480044826800133,456,149
668484198282485761,423,238
668496999348633600,411,133
668507509523615744,322,107
668528771708952576,458,229
668537837512433665,251,77
668542336805281792,454,219
668544745690562560,513,225
668567822092664832,242,55
668587383441514497,1667,1083
668614819948453888,612,316
668620235289837568,200,43
668623201287675904,1420,776
668625577880875008,385,137
668627278264475648,316,116
668631377374486528,712,321
668633411083464705,2801,1659
668636665813057536,1038,496
668641109086707712,1076,543
668643542311546881,875,534
668645506898350081,884,536
668655139528511488,530,221
668779399630725120,704,375
668815180734689280,576,272
668826086256599040,431,139
668852170888998912,453,168
668872652652679168,524,303
668892474547511297,396,153
668902994700836864,318,102
668932921458302977,265,59
668955713004314625,280,72
668960084974809088,703,240
668967877119254528,146,23
668975677807423489,1302,584
668979806671884288,797,354
668981893510119424,535,307
668986018524233728,551,171
668988183816871936,893,476
668989615043424256,677,332
668992363537309700,744,350
668994913074286592,439,232
669000397445533696,20847,6410
669006782128353280,576,251
669015743032369152,739,376
669037058363662336,654,316
669203728096960512,1000,483
669214165781868544,437,167
669216679721873412,1189,406
669324657376567296,497,210
669327207240699904,575,116
669328503091937280,1017,422
669351434509529089,438,187
669353438988365824,641,264
669354382627049472,2695,1288
669359674819481600,369,124
669363888236994561,615,227
669367896104181761,459,158
669371483794317312,497,182
669375718304980992,1327,734
669393256313184256,367,77
669564461267722241,383,124
669567591774625800,233,55
669571471778410496,1584,1026
669573570759163904,433,141
669583744538451968,1489,932
669597912108789760,513,151
669603084620980224,941,366
669625907762618368,3515,1830
669661792646373376,799,441
669680153564442624,661,294
669682095984410625,348,136
669683899023405056,387,112
669684865554620416,513,90
669749430875258880,265,65
669753178989142016,809,405
669923323644657664,233,57
669926384437997569,370,105
669942763794931712,501,166
669970042633789440,302,62
669972011175813120,447,159
669993076832759809,326,86
670003130994700288,333,93
670037189829525505,586,278
670040295598354432,753,113
670046952931721218,642,178
670055038660800512,669,335
670061506722140161,763,346
670069087419133954,625,243
670073503555706880,1577,798
670079681849372674,2218,1242
670086499208155136,697,254
670093938074779648,1019,335
670290420111441920,701,289
670303360680108032,427,137
670319130621435904,3858,1232
670338931251150849,421,112
670361874861563904,328,69
670374371102445568,747,273
670385711116361728,555,208
670403879788544000,432,157
670408998013820928,556,228
670411370698022913,2015,906
670417414769758208,567,318
670420569653809152,627,318
670421925039075328,1302,636
670427002554466305,522,166
670428280563085312,1374,631
670433248821026816,328,114
670434127938719744,1397,653
670435821946826752,1050,519
670442337873600512,642,201
670444955656130560,6713,1997
670449342516494336,1191,668
670452855871037440,546,205
670465786746662913,973,555
670468609693655041,353,86
670474236058800128,1513,757
670668383499735048,10687,5075
670676092097810432,245,43
670679630144274432,747,283
670691627984359425,589,247
670704688707301377,770,374
670717338665226240,1202,500
670727704916926465,822,364
670733412878163972,957,518
670755717859713024,438,111
670764103623966721,1070,422
670778058496974848,325,74
670780561024270336,785,290
670782429121134593,1554,777
670783437142401025,817,397
670786190031921152,602,200
670789397210615808,657,244
670792680469889025,826,281
670797304698376195,735,240
670803562457407488,342,87
670804601705242624,1954,969
670807719151067136,1153,498
670811965569282048,1121,274
670815497391357952,3168,1549
670822709593571328,612,96
670823764196741120,773,195
670826280409919488,5533,4084
670832455012716544,730,219
670833812859932673,442,125
670838202509447168,1104,700
670840546554966016,588,194
670842764863651840,24548,8787
670995969505435648,1102,296
671109016219725825,1141,443
671115716440031232,1365,782
671122204919246848,3485,2540
671134062904504320,748,198
671138694582165504,920,405
671141549288370177,1157,664
671147085991960577,670,228
671151324042559489,667,156
671154572044468225,711,220
671159727754231808,372,82
671163268581498880,1659,1114
671166507850801152,869,354
671182547775299584,1115,349
671186162933985280,736,212
671347597085433856,952,431
671355857343524864,481,115
671357843010908160,398,149
671362598324076544,1101,297
671390180817915904,1430,739
671485057807351808,758,234
671486386088865792,577,206
671488513339211776,1011,472
671497587707535361,912,452
671504605491109889,6996,3569
671511350426865664,1605,727
671518598289059840,952,292
671520732782923777,1401,531
671528761649688577,840,263
671533943490011136,1014,585
671536543010570240,1167,412
671538301157904385,928,398
671542985629241344,1088,567
671544874165002241,1973,1056
671547767500775424,1351,602
671550332464455680,912,209
671561002136281088,12791,7280
671729906628341761,8486,4389
671735591348891648,1446,759
671743150407421952,745,235
671744970634719232,1354,782
671763349865160704,1680,931
671768281401958400,1192,526
671789708968640512,7048,3513
671855973984772097,906,447
671866342182637568,1114,504
671874878652489728,1243,565
671879137494245376,1416,688
671882082306625538,3459,1390
671891728106971137,1332,581
671896809300709376,8484,4197
672068090318987265,1291,523
672082170312290304,940,372
672095186491711488,1003,372
672125275208069120,2405,1148
672139350159835138,1746,714
672160042234327040,871,360
672169685991993344,1015,371
672205392827572224,2261,1166
672222792075620352,782,214
672231046314901505,1830,1030
672239279297454080,893,326
672245253877968896,687,161
672248013293752320,1717,613
672254177670729728,1429,751
672256522047614977,2811,1567
672264251789176834,1137,340
672267570918129665,1494,620
672272411274932228,6443,3418
672466075045466113,1352,544
672475084225949696,1427,707
672481316919734272,718,126
672482722825261057,1132,606
672488522314567680,1111,445
672523490734551040,640,173
672538107540070400,1030,370
672591271085670400,722,185
672591762242805761,949,337
672594978741354496,1330,614
672604026190569472,1110,403
672609152938721280,1116,391
672614745925664768,1223,592
672622327801233409,1299,496
672640509974827008,978,327
672828477930868736,1258,500
672834301050937345,1311,577
672877615439593473,1032,371
672884426393653248,1546,842
672898206762672129,905,428
672902681409806336,1365,511
672964561327235073,1419,647
672968025906282496,1313,554
672970152493887488,946,361
672975131468300288,1681,918
672980819271634944,1826,1024
672984142909456390,1258,549
672988786805112832,986,297
672995267319328768,956,298
672997845381865473,1976,734
673148804208660480,1683,640
673213039743795200,2245,852
673240798075449344,1423,740
673270968295534593,1064,371
673295268553605120,7527,3196
673317986296586240,875,264
673320132811366400,13472,8055
673342308415348736,1268,592
673343217010679808,970,274
673345638550134785,2513,1288
673350198937153538,748,217
673352124999274496,1655,543
673355879178194945,1494,583
673359818736984064,1454,680
673363615379013632,1025,309
673576835670777856,1391,569
673580926094458881,835,274
673583129559498752,1188,370
673612854080196609,1597,731
673636718965334016,1102,365
673656262056419329,720,246
673662677122719744,1256,367
673680198160809984,1374,476
673686845050527744,1442,447
673688752737402881,1269,503
673689733134946305,1737,661
673697980713705472,3805,1983
673700254269775872,1447,578
673705679337693185,1258,407
673707060090052608,1101,398
673708611235921920,1088,295
673709992831262724,849,278
673711475735838725,1041,302
673715861853720576,3556,2111
673716320723169284,3088,759
673887867907739649,934,254
673906403526995968,3203,1644
673919437611909120,1170,376
673956914389192708,1952,973
674008982932058114,1200,364
674014384960745472,1566,658
674019345211760640,1134,305
674024893172875264,1793,1243
674036086168010753,850,216
674038233588723717,1107,422
674042553264685056,726,131
674045139690631169,1427,650
674051556661161984,1449,496
674053186244734976,3335,1323
674063288070742018,6395,2248
674075285688614912,987,294
674082852460433408,757,173
674255168825880576,1472,565
674262580978937856,1307,463
674265582246694913,1658,866
674269164442398721,908,228
674271431610523648,1575,744
674291837063053312,14799,6001
674307341513269249,11384,7092
674318007229923329,1427,525
674330906434379776,565,74
674372068062928900,852,321
674394782723014656,1515,584
674410619106390016,1204,475
674416750885273600,683,143
674422304705744896,1443,550
674436901579923456,1120,398
674447403907457024,1068,363
674468880899788800,6268,2103
674606911342424069,943,102
674632714662858753,1512,594
674638615994089473,1694,594
674644256330530816,1029,274
674646392044941312,1446,504
674664755118911488,929,260
674670581682434048,1611,665
674690135443775488,1150,480
674737130913071104,650,96
674739953134403584,1117,399
674742531037511680,493,51
674743008475090944,1419,563
674752233200820224,1471,479
674754018082705410,1369,460
674764817387900928,791,242
674767892831932416,1838,810
674774481756377088,1128,484
674781762103414784,2018,1231
674788554665512960,822,216
674790488185167872,1116,253
674793399141146624,2525,1110
674800520222154752,3045,879
674805413498527744,864,363
674999807681908736,2267,1123
675003128568291329,1569,484
675006312288268288,997,232
675015141583413248,2728,1228
675047298674663426,1069,336
675109292475830276,2818,1160
675111688094527488,975,260
675113801096802304,1965,804
675135153782571009,1309,507
675145476954566656,2159,924
675146535592706048,1203,318
675147105808306176,951,242
675149409102012420,3768,1721
675153376133427200,6338,2663
675166823650848770,3649,1653
675334060156301312,2804,1330
675349384339542016,3961,2318
675354435921575936,33064,17656
675362609739206656,1061,236
675372240448454658,1705,525
675432746517426176,1542,587
675483430902214656,1855,996
675489971617296384,1316,616
675497103322386432,3179,1334
675501075957489664,17337,5966
675517828909424640,1307,471
675522403582218240,1051,294
675531475945709568,1200,392
675534494439489536,1841,431
675706639471788032,649,101
675707330206547968,2004,714
675710890956750848,1914,842
675740360753160193,1186,357
675781562965868544,1648,488
675798442703122432,10384,3482
675820929667219457,1062,238
675822767435051008,1544,553
675845657354215424,2307,910
675849018447167488,949,151
675853064436391936,2723,1338
675870721063669760,1662,590
675878199931371520,4224,1442
675888385639251968,2413,991
675891555769696257,2162,891
675898130735476737,1647,590
676089483918516224,1333,446
676098748976615425,3052,1478
676101918813499392,2856,1200
676121918416756736,2189,1196
676146341966438401,1945,680
676191832485810177,2316,1066
676215927814406144,1768,602
676219687039057920,76700,32052
676237365392908289,1243,300
676263575653122048,2111,568
676430933382295552,1416,358
676440007570247681,1743,689
676470639084101634,11791,4830
676496375194980353,1542,549
676533798876651520,1903,573
676575501977128964,2636,1155
676582956622721024,1224,288
676588346097852417,2353,819
676590572941893632,927,129
676593408224403456,4654,2228
676603393314578432,1182,395
676606785097199616,1916,454
676613908052996102,1099,203
676617503762681856,2953,1014
676776431406465024,5090,2082
676811746707918848,1446,437
676819651066732545,1842,692
676821958043033607,23450,16175
676864501615042560,2136,736
676897532954456065,2296,743
676916996760600576,3018,1857
676936541936185344,12949,5075
676942428000112642,2111,782
676946864479084545,1751,389
676948236477857792,2222,900
676949632774234114,1336,412
676957860086095872,2261,837
676975532580409345,2839,1113
677187300187611136,2794,956
677228873407442944,3615,1701
677269281705472000,2038,730
677301033169788928,1261,426
677314812125323265,1675,552
677328882937298944,3707,1559
677331501395156992,1119,244
677334615166730240,1379,301
677335745548390400,3098,1858
677530072887205888,1094,236
677547928504967168,7069,3789
677557565589463040,2490,1205
677565715327688705,1324,474
677573743309385728,2180,752
677644091929329666,1899,833
677662372920729601,1984,1011
677673981332312066,3402,1558
677687604918272002,2538,880
677698403548192770,1258,334
677700003327029250,3470,1510
677716515794329600,3131,1005
677895101218201600,4941,2194
677918531514703872,1383,427
677961670166224897,3497,1758
678021115718029313,14058,6647
678023323247357953,1970,398
678255464182861824,1624,387
678278586130948096,11712,6328
678334497360859136,1335,270
678341075375947776,1769,561
678380236862578688,2501,949
678389028614488064,1918,439
678396796259975168,1631,443
678399652199309312,81108,33118
678410210315247616,4342,1902
678424312106393600,5551,2646
678446151570427904,4104,1631
678643457146150913,2103,442
678675843183484930,2941,1542
678708137298427904,5719,2529
678740035362037760,3854,1764
678755239630127104,7308,3457
678764513869611008,1680,499
678767140346941444,3629,1427
678774928607469569,2878,961
678798276842360832,3548,1234
678800283649069056,2648,944
678969228704284672,1690,484
678991772295516161,2374,1233
679001094530465792,2905,1292
679047485189439488,2305,706
679062614270468097,17491,8577
679111216690831360,6127,2673
679132435750195208,3043,1211
679148763231985668,2847,1078
679158373988876288,21974,8469
679405845277462528,2440,1257
679462823135686656,32594,19709
679475951516934144,2147,664
679503373272485890,3229,1540
679511351870550016,3462,1324
679527802031484928,2715,757
679530280114372609,4913,2179
679722016581222400,1697,489
679729593985699840,2224,862
679736210798047232,2150,830
679777920601223168,3172,1162
679828447187857408,37279,14714
679844490799091713,2438,796
679854723806179328,2936,1293
679862121895714818,2525,651
679872969355714560,2245,694
679877062409191424,2028,681
680070545539371008,2656,922
680085611152338944,13162,9388
680100725817409536,3679,1440
680115823365742593,2797,944
680130881361686529,2351,993
680145970311643136,3719,1832
680161097740095489,2392,771
680176173301628928,4015,1644
680191257256136705,2214,529
680206703334408192,2921,1237
680221482581123072,1504,303
680440374763077632,1499,530
680473011644985345,2626,779
680494726643068929,1769,507
680497766108381184,4361,1997
680583894916304897,3731,1408
680609293079592961,2714,746
680798457301471234,2938,1090
680801747103793152,2445,862
680805554198020098,2220,692
680836378243002368,3566,1394
680889648562991104,1818,380
680913438424612864,2473,649
680934982542561280,2136,462
680940246314430465,3309,1105
680959110691590145,4702,2102
680970795137544192,2495,698
681193455364796417,3813,1556
681231109724700672,2474,509
681242418453299201,1537,565
681261549936340994,1502,290
681281657291280384,3315,1154
681297372102656000,3302,1004
681302363064414209,4069,1915
681320187870711809,2725,788
681339448655802368,9572,4267
681340665377193984,1690,294
681523177663676416,14747,6088
681579835668455424,3651,1369
681610798867845120,1969,500
681654059175129088,2720,974
681679526984871937,1821,471
681694085539872773,13184,4252
681891461017812993,2547,860
681981167097122816,2888,1085
682003177596559360,3240,1607
682032003584274432,6799,2112
682047327939461121,3293,1005
682059653698686977,5106,1776
682088079302213632,18848,10356
682242692827447297,3361,1234
682259524040966145,4299,1273
682303737705140231,3164,1057
682389078323662849,1713,490
682393905736888321,2303,713
682406705142087680,7816,1853
682429480204398592,3534,1219
682638830361513985,2126,637
682662431982772225,3150,1136
682697186228989953,1353,379
682750546109968385,1571,460
682788441537560576,2551,1171
682808988178739200,1832,189
682962037429899265,38082,17486
683030066213818368,2220,765
683078886620553216,2047,588
683098815881154561,2231,690
683111407806746624,3499,956
683142553609318400,2976,1094
683357973142474752,3024,973
683391852557561860,7872,2495
683449695444799489,4027,1690
683462770029932544,2508,706
683481228088049664,2731,1045
683498322573824003,3267,1011
683515932363329536,7577,3063
683742671509258241,6704,3480
683773439333797890,3449,1419
683828599284170753,2898,1115
683834909291606017,2711,1161
683849932751646720,2693,1021
683852578183077888,1989,370
683857920510050305,3928,1166
684097758874210310,4245,1509
684122891630342144,2067,496
684147889187209216,3073,1564
684177701129875456,2078,705
684188786104872960,3596,1233
684195085588783105,1975,543
684200372118904832,2235,1074
684222868335505415,3957,1439
684225744407494656,1278,221
684241637099323392,8417,3478
684460069371654144,2044,580
684481074559381504,4007,1226
684538444857667585,2731,999
684567543613382656,3115,1289
684588130326986752,4242,1476
684594889858887680,9199,3696
684800227459624960,2809,1047
684830982659280897,36141,22652
684880619965411328,2168,861
684902183876321280,1942,557
684914660081053696,3624,1542
684926975086034944,3612,487
684940049151070208,3325,1092
684959798585110529,7031,3281
684969860808454144,2445,393
685169283572338688,4232,1489
685198997565345792,2412,696
685268753634967552,3201,1260
685307451701334016,2141,460
685315239903100929,3457,1134
685321586178670592,2730,675
685325112850124800,9778,4171
685532292383666176,3132,1212
685547936038666240,33995,16479
685641971164143616,3026,820
685663452032069632,3361,1531
685667379192414208,2421,602
685681090388975616,2098,131
685906723014619143,7748,3063
685943807276412928,1679,626
685973236358713344,2177,546
686003207160610816,1884,672
686007916130873345,2571,442
686034024800862208,3213,1212
686035780142297088,1194,127
686050296934563840,2271,758
686286779679375361,4130,1745
686358356425093120,2262,712
686377065986265092,2281,591
686386521809772549,3356,921
686394059078897668,1793,711
686606069955735556,1961,573
686618349602762752,3809,1432
686683045143953408,2914,841
686730991906516992,4282,1260
686749460672679938,3592,1525
686760001961103360,3638,1447
686947101016735744,8886,3335
687096057537363968,2321,632
687102708889812993,2416,1031
687109925361856513,5995,2590
687124485711986689,2241,524
687127927494963200,5632,2400
687312378585812992,4501,1988
687317306314240000,20761,9576
687399393394311168,1956,651
687460506001633280,2127,568
687476254459715584,2047,559
687480748861947905,1652,253
687494652870668288,1961,599
687664829264453632,1996,532
687704180304273409,2518,879
687732144991551489,1822,692
687807801670897665,2474,738
687818504314159109,2572,998
687826841265172480,2822,1184
687841446767013888,5632,2648
688064179421470721,1788,376
688116655151435777,2924,817
688179443353796608,2192,615
688211956440801280,2302,869
688385280030670848,9570,4674
688519176466644993,2389,768
688547210804498433,2690,732
688789766343622656,2289,692
688804835492233216,994,203
688828561667567616,1423,391
688894073864884227,2310,728
688898160958271489,2170,826
688908934925697024,2179,815
688916208532455424,2815,913
689143371370250240,2072,535
689154315265683456,3165,1047
689255633275777024,2630,1129
689275259254616065,1190,256
689280876073582592,2051,750
689283819090870273,3387,1153
689289219123089408,2323,987
689517482558820352,3509,1502
689557536375177216,2117,481
689599056876867584,11995,5788
689623661272240129,2299,674
689659372465688576,10681,4062
689661964914655233,3305,970
689835978131935233,2230,788
689877686181715968,3125,1233
689905486972461056,2507,725
689977555533848577,1413,469
689993469801164801,1504,475
689999384604450816,1474,390
690005060500217858,3778,1774
690015576308211712,2589,772
690021994562220032,2876,1080
690248561355657216,1731,432
690348396616552449,1554,541
690360449368465409,2732,930
690374419777196032,3358,891
690400367696297985,1933,471
690597161306841088,2026,634
690607260360429569,304,17
690649993829576704,1352,292
690690673629138944,2397,838
690728923253055490,2246,540
690735892932222976,3906,1329
690932576555528194,3387,1076
690938899477221376,4252,2090
690959652130045952,3695,1315
690989312272396288,6083,2996
691090071332753408,1763,350
691096613310316544,3047,922
691321916024623104,2654,688
691416866452082688,19914,8005
691444869282295808,2735,884
691459709405118465,4170,1203
691483041324204033,2453,586
691675652215414786,2005,528
691756958957883396,2963,1063
691793053716221953,8381,4404
691820333922455552,4074,1739
692017291282812928,2956,1000
692041934689402880,3501,1333
692142790915014657,1696,414
692158366030913536,2212,823
692187005137076224,2606,855
692417313023332352,9619,3638
692423280028966913,1525,240
692530551048294401,1898,433
692535307825213440,3283,1426
692568918515392513,4491,1613
692752401762250755,7035,3788
692828166163931137,2969,918
692894228850999298,2348,846
692901601640583168,1832,623
692905862751522816,2514,917
692919143163629568,2743,786
693095443459342336,1924,484
693109034023534592,1775,644
693155686491000832,8118,3363
693231807727280129,2954,762
693262851218264065,2294,523
693267061318012928,2460,848
693280720173801472,3469,1289
693486665285931008,1835,662
693582294167244802,1698,265
693590843962331137,5208,2065
693622659251335168,1589,385
693629975228977152,2521,833
693642232151285760,2614,430
693644216740769793,1384,131
693647888581312512,2774,619
693942351086120961,1793,385
693993230313091072,1928,423
694001791655137281,3502,1076
694183373896572928,3038,972
694206574471057408,4303,2121
694329668942569472,2065,522
694342028726001664,1617,503
694352839993344000,2109,651
694356675654983680,1553,299
694669722378485760,36882,15099
694905863685980160,2834,974
694925794720792577,2770,956
695051054296211456,2742,824
695064344191721472,1651,627
695074328191332352,2932,1158
695095422348574720,2715,642
695314793360662529,3741,1529
695409464418041856,8920,3733
695446424020918272,4520,1893
695629776980148225,4708,2193
695767669421768709,1926,784
695794761660297217,3270,815
695816827381944320,3099,1224
696100768806522880,1991,696
696405997980676096,3300,1196
696488710901260288,2618,1082
696490539101908992,1252,150
696518437233913856,4029,1784
696713835009417216,2444,678
696744641916489729,2134,979
696754882863349760,1531,372
696877980375769088,2519,740
696886256886657024,5012,1885
696894894812565505,2410,706
696900204696625153,3276,1065
697242256848379904,2591,698
697255105972801536,3117,1213
697259378236399616,3392,1044
697270446429966336,4827,1955
697463031882764288,3522,1445
697482927769255936,2488,700
697516214579523584,2136,1178
697575480820686848,2101,519
697596423848730625,3123,1320
697616773278015490,3251,1057
697630435728322560,1805,565
697881462549430272,3106,1241
697943111201378304,2470,717
697990423684476929,3383,1356
697995514407682048,1569,350
698178924120031232,2897,779
698195409219559425,17301,6225
698262614669991936,4892,2094
698342080612007937,2335,988
698355670425473025,1927,475
698549713696649216,2397,647
698635131305795584,1330,356
698703483621523456,1501,399
698710712454139905,2543,711
698907974262222848,2613,652
698953797952008193,2786,946
698989035503689728,3480,1025
699036661657767936,2680,1246
699060279947165696,3879,1884
699072405256409088,3087,1247
699079609774645248,2527,683
699088579889332224,2305,659
699323444782047232,3255,900
699370870310113280,1941,457
699413908797464576,2137,638
699423671849451520,1420,342
699434518667751424,2229,528
699446877801091073,6115,2729
699691744225525762,10574,4815
699775878809702401,2018,629
699779630832685056,2848,1304
699788877217865730,2305,521
699801817392291840,3152,1003
700002074055016451,3414,1397
700029284593901568,2136,606
700062718104104960,2734,727
700143752053182464,7750,2855
700151421916807169,2307,696
700167517596164096,2719,778
700462010979500032,4261,1876
700505138482569216,2356,598
700518061187723268,2701,836
700747788515020802,23566,9754
700796979434098688,2512,1001
700847567345688576,2520,522
700864154249383937,2672,641
700890391244103680,2280,599
701214700881756160,12599,5342
701545186879471618,2744,638
701570477911896070,2901,967
701601587219795968,2152,478
701805642395348998,3535,1766
701889187134500865,3649,1440
701952816642965504,3945,1072
701981390485725185,3553,1038
702217446468493312,4944,1394
702276748847800320,2552,799
702321140488925184,3374,1085
702332542343577600,3289,1630
702539513671897089,2961,997
702598099714314240,12551,3578
702671118226825216,2265,582
702684942141153280,3329,1121
702899151802126337,1655,475
702932127499816960,2674,752
703041949650034688,27141,13073
703079050210877440,7617,3232
703268521220972544,2023,566
703356393781329922,1970,403
703382836347330562,3613,1187
703407252292673536,2532,729
703425003149250560,3905,1432
703611486317502464,3969,1584
703631701117943808,2667,718
703769065844768768,3384,1190
703774238772166656,1895,482
704054845121142784,3016,947
704113298707505153,1902,587
704134088924532736,1551,486
704347321748819968,1637,362
704364645503647744,8258,3704
704480331685040129,3493,1102
704491224099647488,785,83
704499785726889984,3013,1047
704761120771465216,6818,3025
704819833553219584,2723,1033
704847917308362754,5249,1602
704859558691414016,2323,569
704871453724954624,4406,1161
705066031337840642,2241,633
705102439679201280,2214,533
705223444686888960,2648,834
705239209544720384,3089,776
705428427625635840,3924,1758
705442520700944385,4570,1703
705475953783398401,3039,958
705591895322394625,3266,1207
705786532653883392,2004,546
705898680587526145,2434,579
705970349788291072,3238,925
705975130514706432,3198,766
706153300320784384,1532,395
706166467411222528,5304,1673
706169069255446529,4023,2324
706265994973601792,2811,963
706291001778950144,1752,488
706310011488698368,21993,8332
706346369204748288,3551,964
706516534877929472,3188,1072
706538006853918722,3562,1478
706593038911545345,2220,651
706644897839910912,2653,1146
706681918348251136,3425,1011
706901761596989440,2125,624
706904523814649856,15006,8181
707014260413456384,2371,622
707021089608753152,4198,1426
707038192327901184,2254,823
707059547140169728,2662,705
707297311098011648,2860,825
707315916783140866,2550,668
707377100785885184,3377,1128
707387676719185920,3607,1353
707411934438625280,2356,616
707420581654872064,2344,720
707610948723478529,17452,6665
707629649552134146,2649,922
707693576495472641,3528,1038
707738799544082433,4213,2588
707741517457260545,2568,637
707776935007539200,3379,989
707969809498152960,2778,1006
707983188426153984,51,2
707995814724026368,3229,1171
708026248782585858,4496,1998
708109389455101952,1989,563
708119489313951744,2762,1021
708130923141795840,3488,878
708149363256774660,4399,1601
708349470027751425,2417,765
708356463048204288,3697,1383
708400866336894977,16456,10569
708469915515297792,3182,845
708479650088034305,2623,700
708711088997666817,2617,751
708738143638450176,2822,849
708810915978854401,16971,7236
708834316713893888,1734,526
708845821941387268,3077,936
708853462201716736,1844,683
709042156699303936,4892,1708
709158332880297985,2103,435
709179584944730112,2064,694
709198395643068416,2492,666
709207347839836162,12919,6096
709225125749587968,2468,594
709409458133323776,2696,714
709449600415961088,2297,601
709519240576036864,1530,245
709556954897764353,3386,1106
709566166965075968,3634,1255
709852847387627521,3607,1246
709901256215666688,695,105
709918798883774466,3071,1104
710117014656950272,5654,2082
710140971284037632,2849,921
710153181850935296,2988,925
710269109699739648,2464,1172
710272297844797440,4663,1298
710283270106132480,2201,537
710296729921429505,2438,772
710588934686908417,4679,1947
710609963652087808,4922,2461
710658690886586372,2376,586
710833117892898816,2764,556
710844581445812225,2621,721
710997087345876993,4686,1439
711008018775851008,3069,636
711306686208872448,3403,760
711363825979756544,3757,1179
711652651650457602,3965,954
711694788429553666,33766,19092
711732680602345472,9133,4306
711743778164514816,2925,1023
711968124745228288,8288,2410
711998809858043904,0,130
712065007010385924,2326,655
712085617388212225,3345,502
712092745624633345,3018,926
712097430750289920,3896,1082
712309440758808576,249,25
712438159032893441,5468,1622
712668654853337088,4280,1261
712717840512598017,12692,5200
712809025985978368,19047,6996
713175907180089344,4587,1518
713177543487135744,7418,2943
713411074226274305,4541,1345
713761197720473600,5013,1430
713900603437621249,2919,767
713909862279876608,1971,560
713919462244790272,3377,807
714141408463036416,4424,1458
714214115368108032,2335,913
714251586676113411,3363,866
714258258790387713,3108,744
714485234495041536,2770,1204
714606013974974464,3730,962
714631576617938945,3356,1044
714957620017307648,4236,1471
714962719905021952,7556,4456
714982300363173890,3852,1070
715009755312439296,4281,1286
715200624753819648,5273,1963
715220193576927233,2480,680
715342466308784130,3119,716
715360349751484417,5616,1638
715680795826982913,4437,1688
715696743237730304,4016,1343
715704790270025728,2881,592
715733265223708672,4788,1749
715758151270801409,3821,1493
715928423106027520,3277,911
716080869887381504,6915,1990
716285507865542656,2846,1125
716439118184652801,2433,219
716447146686459905,13427,6152
716730379797970944,1266,447
716791146589110272,7468,1597
716802964044845056,4411,1229
717009362452090881,3341,1016
717047459982213120,6439,1997
717421804990701568,3231,873
717428917016076293,1652,470
717537687239008257,5905,1911
717790033953034240,2956,1168
717841801130979328,2520,617
718234618122661888,3978,1044
718246886998687744,1983,518
718454725339934721,4983,1566
718460005985447936,2768,545
718540630683709445,2540,1056
718613305783398402,2501,500
718631497683582976,19336,8383
718939241951195136,5385,1839
718971898235854848,3582,1133
719332531645071360,3512,994
719339463458033665,4530,1299
719367763014393856,2864,769
719551379208073216,5187,2004
719704490224398336,4684,1502
719991154352222208,4963,1815
720043174954147842,5038,2092
720059472081784833,3986,1163
720340705894408192,2945,1014
720389942216527872,6559,2611
720415127506415616,4244,1561
720775346191278080,2552,700
720785406564900865,3200,796
721001180231503872,2598,641
721503162398597120,4757,1943
722613351520608256,5099,1708
722974582966214656,4210,1632
723179728551723008,5424,1945
723673163800948736,3099,930
723688335806480385,7894,3097
723912936180330496,4003,1279
724004602748780546,4296,1636
724046343203856385,2729,581
724049859469295616,4437,1835
724405726123311104,5424,1710
724771698126512129,2442,669
724983749226668032,3816,1360
725458796924002305,1444,644
725729321944506368,5328,1863
725786712245440512,4275,1420
725842289046749185,7236,2760
726224900189511680,4527,1192
726828223124897792,3656,1038
726887082820554753,3941,1578
726935089318363137,7078,2553
727155742655025152,3741,1381
727175381690781696,3999,1440
727286334147182592,3123,847
727314416056803329,3429,776
727524757080539137,4587,1273
727644517743104000,6051,1821
727685679342333952,3025,663
728015554473250816,4213,1147
728035342121635841,4676,1738
728046963732717569,4431,1231
728387165835677696,3774,998
728409960103686147,5044,2091
728653952833728512,3399,1083
728751179681943552,2849,704
728760639972315136,4805,1782
728986383096946689,3237,853
729113531270991872,1937,339
729463711119904772,5954,2420
729823566028484608,4099,1295
729838605770891264,1760,401
729854734790754305,4157,1175
730196704625098752,4995,2008
730211855403241472,3935,1095
730427201120833536,3575,1090
730573383004487680,5044,2240
730924654643314689,6309,2059
731156023742988288,3935,1325
731285275100512256,3584,1027
732005617171337216,15338,5685
732375214819057664,8321,2629
732585889486888962,3778,814
732726085725589504,3642,922
732732193018155009,2511,557
733109485275860992,50675,17566
733460102733135873,4324,1340
733482008106668032,3238,983
733822306246479872,3770,1056
733828123016450049,3677,817
734559631394082816,1532,415
734776360183431168,2585,567
734787690684657664,12925,6577
734912297295085568,2823,544
735137028879360001,3213,1011
735256018284875776,3430,926
735274964362878976,13382,5298
735635087207878657,6353,2449
735648611367784448,4126,1149
735991953473572864,3705,1203
736010884653420544,8113,3114
736225175608430592,8356,2896
736365877722001409,4101,1306
736392552031657984,18262,7752
736736130620620800,4420,1815
737310737551491075,15123,7767
737322739594330112,3705,848
737445876994609152,10577,4665
737678689543020544,5181,1388
737800304142471168,10288,3619
737826014890496000,5426,1839
738156290900254721,2590,685
738166403467907072,9047,3559
738184450748633089,4443,1258
738402415918125056,3341,878
738537504001953792,5245,1629
738883359779196928,3415,842
738885046782832640,3881,1197
738891149612572673,112,6
739238157791694849,119479,60780
739485634323156992,7381,3061
739544079319588864,40847,22397
739606147276148736,5527,1734
739623569819336705,3906,1424
739844404073074688,3910,895
739932936087216128,4175,1126
739979191639244800,20580,6201
740214038584557568,6890,2061
740359016048689152,3396,892
740365076218183684,2548,451
740373189193256964,35881,13925
740676976021798912,18728,7116
740699697422163968,2920,818
740711788199743490,3514,978
740995100998766593,6576,2899
741067306818797568,9762,3240
741099773336379392,10331,5817
741303864243200000,9056,3382
741438259667034112,3778,870
741743634094141440,8437,2899
741793263812808706,4690,1576
742150209887731712,5302,1634
742161199639494656,4484,1446
742385895052087300,7024,2081
742423170473463808,10123,3963
742465774154047488,7486,4081
742528092657332225,4563,2084
742534281772302336,7274,3720
743210557239623680,3968,1430
743222593470234624,6395,1989
743253157753532416,4356,1276
743510151680958465,8168,3880
743545585370791937,3640,982
743595368194129920,19028,6883
743609206067040256,4628,1449
743835915802583040,0,2190
743895849529389061,3755,1004
743980027717509120,4298,1143
744223424764059648,1733,387
744234799360020481,161719,82136
744334592493166593,6990,2237
744709971296780288,5783,1635
744971049620602880,8142,2832
744995568523612160,3059,651
745057283344719872,7472,2393
745074613265149952,8087,3700
745314880350101504,7405,2915
745422732645535745,8863,2549
745433870967832576,7320,2665
745712589599014916,7217,2437
745789745784041472,4156,1121
746056683365994496,3661,854
746131877086527488,7137,2318
746369468511756288,6374,1721
746507379341139972,4792,1139
746521445350707200,0,1029
746542875601690625,5204,1967
746726898085036033,6233,1882
746757706116112384,9897,4118
746790600704425984,5031,1674
746818907684614144,5472,1814
746872823977771008,6197,2260
746906459439529985,2988,310
747103485104099331,9908,4197
747204161125646336,3496,964
747219827526344708,5475,1658
747242308580548608,0,3025
747439450712596480,5613,2027
747461612269887489,3996,1081
747512671126323200,5718,1670
747594051852075008,3806,1109
747600769478692864,2398,579
747648653817413632,13340,6146
747651430853525504,1428,161
747816857231626240,5002,1221
747844099428986880,2905,786
747885874273214464,3046,1036
747933425676525569,6846,2683
747963614829678593,5973,2252
748220828303695873,14640,8210
748307329658011649,3789,745
748324050481647620,3819,800
748337862848962560,7938,4336
748346686624440324,5397,1300
748568946752774144,2261,704
748575535303884801,6273,2089
748692773788876800,4388,1398
748699167502000129,4900,1679
748705597323898880,2864,1001
748932637671223296,6035,2389
748977405889503236,11117,3586
749036806121881602,3215,828
749064354620928000,4958,1599
749075273010798592,5963,2181
749317047558017024,5676,2339
749395845976588288,8901,3649
749403093750648834,2717,571
749417653287129088,6324,1754
749774190421639168,4829,1385
749981277374128128,5297,2595
749996283729883136,3164,854
750011400160841729,3354,955
750026558547456000,2806,830
750041628174217216,3293,653
750056684286914561,3262,949
750071704093859840,8159,3535
750086836815486976,2247,569
750101899009982464,3153,890
750117059602808832,4490,1372
750132105863102464,3771,1354
750147208377409536,3226,1015
750381685133418496,718,29
750383411068534784,4722,1202
750429297815552001,13652,4533
750506206503038976,4603,1203
750719632563142656,13679,5322
750868782890057730,4958,1461
751132876104687617,5249,1372
751205363882532864,6545,1938
751251247299190784,12967,6207
751456908746354688,3320,1058
751538714308972544,5230,1336
751583847268179968,4562,1169
751598357617971201,8199,3211
751793661361422336,6071,3071
751830394383790080,6008,2062
751937170840121344,5391,1426
751950017322246144,3187,985
752173152931807232,6170,1943
752309394570878976,0,17656
752334515931054080,3954,1168
752519690950500352,7646,3651
752568224206688256,5734,2417
752660715232722944,4565,1661
752682090207055872,6209,1693
752701944171524096,0,3063
752917284578922496,7166,1664
752932432744185856,13109,7247
753026973505581056,4052,1033
753039830821511168,38578,22141
753294487569522689,3511,1107
753298634498793472,0,6088
753375668877008896,7923,2459
753398408988139520,5992,2033
753420520834629632,8235,3775
753655901052166144,6060,2288
754120377874386944,8163,2475
754449512966619136,3892,770
754482103782404096,5513,2066
754747087846248448,2674,550
754856583969079297,7148,2675
754874841593970688,0,8469
755110668769038337,22060,11739
755206590534418437,17092,5690
755955933503782912,7613,3064
756275833623502848,6673,1607
756288534030475264,44529,18460
756303284449767430,4101,1152
756526248105566208,10817,3817
756651752796094464,5255,1380
756939218950160384,6901,2125
756998049151549440,6529,2101
757354760399941633,4693,1508
757393109802180609,6053,1842
757400162377592832,15752,7241
757596066325864448,4506,1121
757597904299253760,0,311
757611664640446465,4745,1179
757725642876129280,4712,1287
757729163776290825,0,8577
757741869644341248,7157,3445
758041019896193024,2813,397
758099635764359168,19924,10652
758355060040593408,3557,1153
758405701903519748,5404,2043
758467244762497024,4991,2359
758474966123810816,3972,1051
758740312047005698,5956,1703
758828659922702336,11635,4061
758854675097526272,3691,950
759047813560868866,6760,2143
759099523532779520,15113,4414
759159934323924993,0,1232
759197388317847553,6305,2067
759446261539934208,1734,514
759447681597108224,8847,2578
759557299618865152,4887,1243
759566828574212096,0,22397
759793422261743616,6207,2018
759846353224826880,6983,2101
759923798737051648,15253,5996
759943073749200896,6171,2208
760153949710192640,0,32
760190180481531904,5929,1916
760252756032651264,4107,917
760290219849637889,27945,12187
760521673607086080,4401,1480
760539183865880579,7905,3848
760641137271070720,5160,1366
760656994973933572,6895,2029
760893934457552897,3973,1030
761004547850530816,11805,3673
761227390836215808,5533,1651
761292947749015552,4653,1164
761334018830917632,5418,1541
761371037149827077,0,19092
761599872357261312,4292,1247
761672994376806400,51649,30818
761745352076779520,4441,912
761750502866649088,0,4171
761976711479193600,5619,2144
762035686371364864,33313,16581
762316489655476224,5006,1196
762464539388485633,10738,4442
762471784394268675,11749,6852
762699858130116608,12686,3847
763103485927849985,7674,2428
763167063695355904,0,3196
763183847194451968,5615,1566
763837565564780549,13139,4431
763956972077010945,779,58
764259802650378240,6298,1607
764857477905154048,6709,1879
765222098633691136,12107,3591
765371061932261376,7394,2296
765395769549590528,27627,3610
765669560888528897,5425,1292
765719909049503744,7552,2275
766008592277377025,3914,525
766069199026450432,4443,909
766078092750233600,0,2760
766313316352462849,7076,2001
766423258543644672,6285,1695
766693177336135680,4199,843
766714921925144576,2719,409
766793450729734144,5300,1443
766864461642756096,0,5996
767122157629476866,10579,3025
767191397493538821,12809,4033
767500508068192258,7807,2484
767754930266464257,16736,5709
767884188863397888,4967,1485
768193404517830656,11375,3779
768473857036525572,14225,3638
768554158521745409,0,6201
768596291618299904,5237,1357
768609597686943744,4297,1281
768855141948723200,4384,947
768909767477751808,0,2855
768970937022709760,15056,6951
769212283578875904,5642,1826
769335591808995329,0,8181
769695466921623552,6676,1762
769940425801170949,32800,10245
770069151037685760,7906,2435
770093767776997377,0,3240
770293558247038976,6508,1589
770414278348247044,6587,2204
770655142660169732,7647,1860
770772759874076672,5419,1505
770787852854652928,5160,1289
771004394259247104,0,231
771014301343748096,7169,1752
771102124360998913,6529,1530
771136648247640064,9570,3113
771171053431250945,0,8055
771380798096281600,10980,5424
771500966810099713,8642,2798
771770456517009408,12547,3615
771908950375665664,6873,2017
772102971039580160,4190,993
772114945936949249,2837,501
772117678702071809,3934,787
772152991789019136,3966,1192
772193107915964416,6313,1483
772581559778025472,6781,1803
772615324260794368,0,3591
772826264096874500,8381,2491
772877495989305348,8963,4129
773191612633579521,10456,4391
773247561583001600,9853,3443
773308824254029826,24340,7957
773336787167145985,0,5424
773547596996571136,23119,6585
773670353721753600,5567,1386
773704687002451968,6907,1731
773922284943896577,6691,1846
773985732834758656,11229,4138
774314403806253056,22815,5943
774639387460112384,7028,1846
774757898236878852,8966,1894
775085132600442880,16291,5038
775350846108426240,10637,4162
775364825476165632,7767,3173
775729183532220416,13548,4885
775733305207554048,14511,4266
775842724423557120,12265,2851
775898661951791106,0,17566
776088319444877312,1921,161
776113305656188928,12303,4646
776201521193218049,10055,2697
776218204058357768,31421,17083
776249906839351296,0,9754
776477788987613185,9256,2981
776813020089548800,5111,1297
776819012571455488,0,14714
777189768882946048,14986,4618
777621514455814149,9181,2661
777641927919427584,0,4533
777684233540206592,11774,3146
777885040357281792,6662,1754
777953400541634568,0,3779
778027034220126208,6865,1729
778039087836069888,8878,2810
778286810187399168,10896,3518
778383385161035776,6133,1183
778396591732486144,0,13073
778408200802557953,14318,4652
778624900596654080,4864,1080
778650543019483137,6048,1608
778748913645780993,7224,1418
778764940568104960,904,389
778774459159379968,0,10652
778990705243029504,20975,7753
779056095788752897,15511,4848
779123168116150273,12392,3915
779124354206535695,0,19709
779377524342161408,9247,3340
779834332596887552,19892,7589
780074436359819264,12831,5347
780092040432480260,0,2459
780192070812196864,9115,2391
780459368902959104,5548,1146
780476555013349377,0,122
780496263422808064,0,3963
780543529827336192,6613,1850
780601303617732608,12702,3573
780800785462489090,5775,1397
780858289093574656,7547,2148
780931614150983680,22715,7856
781163403222056960,10271,2931
781251288990355457,8849,2242
781308096455073793,7481,2727
781524693396357120,21806,5957
781655249211752448,4199,1201
781661882474196992,10961,2899
781955203444699136,11679,3600
782021823840026624,0,6665
782305867769217024,17502,5978
782598640137187329,8175,2009
782722598790725632,18159,5798
782747134529531904,7857,1501
782969140009107456,25352,7870
783085703974514689,8555,2377
783334639985389568,30684,12564
783347506784731136,0,6001
783391753726550016,17732,5906
783466772167098368,8883,2411
783695101801398276,10970,3462
783821107061198850,7731,2101
783839966405230592,31571,11597
784057939640352768,31407,11954
784183165795655680,21153,8658
784431430411685888,5990,1381
784517518371221505,9418,2724
784826020293709826,10646,3473
785170936622350336,12694,5217
785264754247995392,7650,1754
785515384317313025,6418,1352
785533386513321988,9584,2153
785639753186217984,8223,2388
785872687017132033,7032,1955
785927819176054784,11966,3400
786036967502913536,0,7589
786051337297522688,1506,165
786233965241827333,16085,5127
786286427768250368,8385,3072
786363235746385920,11471,3764
786595970293370880,9915,3336
786664955043049472,11205,2744
786709082849828864,19175,6551
786729988674449408,0,2578
786963064373534720,28018,8568
787111942498508800,0,7247
787322443945877504,8212,1881
787397959788929025,11432,3045
787717603741622272,10771,2996
787810552592695296,9151,3291
788039637453406209,6467,1421
788070120937619456,0,3673
788150585577050112,6470,1403
788178268662984705,7619,2278
788412144018661376,16415,5697
788552643979468800,0,7752
788765914992902144,28905,11086
788908386943430656,28873,13318
789137962068021249,10221,3008
789268448748703744,9613,2790
789280767834746880,0,5322
789314372632018944,9092,2482
789530877013393408,12419,3640
789599242079838210,7132,2080
789628658055020548,7919,1916
789903600034189313,10928,4436
789960241177853952,0,4442
789986466051088384,9745,2492
790227638568808452,0,3847
790277117346975746,13242,3424
790337589677002753,8248,2005
790581949425475584,21805,7745
790698755171364864,8649,2062
790723298204217344,0,2492
790946055508652032,17539,5040
790987426131050500,10410,2303
791026214425268224,0,4431
791312159183634433,9275,2733
791406955684368384,13837,4435
791672322847637504,12390,3356
791774931465953280,47626,23922
791780927877898241,0,4118
791784077045166082,0,10356
791821351946420224,0,22652
792050063153438720,7568,1944
792394556390137856,14184,4620
792773781206999040,7750,1805
792883833364439040,11937,4613
792913359805018113,15129,4318
793120401413079041,13390,4209
793135492858580992,6814,2686
793150605191548928,6524,1823
793165685325201412,9946,2991
793180763617361921,7327,2143
793195938047070209,16133,6069
793210959003287553,9429,3019
793226087023144960,10382,3090
793241302385262592,11094,3529
793256262322548741,21115,8996
793271401113350145,9145,2560
793286476301799424,25954,9910
793500921481273345,11286,2564
793601777308463104,8421,1752
793614319594401792,0,3356
793845145112371200,9728,2021
793962221541933056,17751,5266
794205286408003585,9731,3565
794332329137291264,10105,2864
794355576146903043,0,11086
794926597468000259,10848,2481
794983741416415232,0,3640
795076730285391872,17124,5854
795400264262053889,10644,3097
795464331001561088,52506,25661
796031486298386433,11422,3969
796080075804475393,8935,2497
796116448414461957,9618,2602
796125600683540480,5220,1923
796149749086875649,34084,15436
796177847564038144,0,15436
796387464403357696,11611,4487
796484825502875648,8007,1897
796563435802726400,0,7856
796759840936919040,12518,3294
796865951799083009,8102,2047
796904159865868288,0,9576
797165961484890113,239,28
797236660651966464,21060,7161
797545162159308800,15329,5219
797971864723324932,12277,3383
798209839306514432,10950,2750
798340744599797760,0,3615
798576900688019456,0,6296
798585098161549313,0,6153
798628517273620480,0,2120
798644042770751489,0,1997
798665375516884993,0,4197
798673117451325440,0,5966
798682547630837760,0,5075
798686750113755136,0,2495
798694562394996736,0,5342
798697898615730177,0,6996
798701998996647937,0,8383
798705661114773508,0,7116
798925684722855936,7861,1531
798933969379225600,13845,4818
799063482566066176,8518,2658
799297110730567681,10444,2980
799308762079035393,0,5943
799422933579902976,8495,2063
799757965289017345,8853,2329
799774291445383169,0,5038
800018252395122689,29933,14207
800141422401830912,16152,2763
800188575492947969,0,4252
800388270626521089,11765,3026
800443802682937345,0,4646
800459316964663297,10007,2323
800513324630806528,13858,3244
800751577355128832,11094,2989
800855607700029440,0,1752
800859414831898624,724,101
801115127852503040,8530,2255
801127390143516673,0,4266
801167903437357056,25853,6385
801285448605831168,6377,894
801538201127157760,8648,2214
801854953262350336,1864,250
801958328846974976,8145,1842
802185808107208704,0,284
802239329049477120,9561,2818
802265048156610565,6966,1470
802323869084381190,17105,6280
802572683846291456,9435,2687
802600418706604034,7499,1588
802624713319034886,0,3146
802952499103731712,9533,2159
803276597545603072,10574,2650
803321560782307329,0,5709
803380650405482500,8176,1998
803638050916102144,11557,4435
803692223237865472,0,8005
803773340896923648,10590,2971
804026241225523202,46983,17471
804413760345620481,0,3473
804475857670639616,6465,2160
804738756058218496,14455,4129
805207613751304193,8212,1834
805487436403003392,9266,2732
805520635690676224,6064,1775
805823200554876929,0,8658
805826884734976000,6934,1971
805932879469572096,8726,2061
805958939288408065,0,5798
806219024703037440,6776,1281
806242860592926720,0,12564
806542213899489280,10766,2533
806576416489959424,5124,2075
806620845233815552,0,5957
806629075125202948,78989,37438
807010152071229440,13750,4129
807059379405148160,0,7870
807106840509214720,124977,59885
807621403335917568,15340,3946
808001312164028416,13235,3815
808106460588765185,9233,2367
808134635716833280,0,6385
808344865868283904,44804,22370
808501579447930884,11890,2790
808733504066486276,8326,2327
808838249661788160,10646,3278
809084759137812480,13921,3786
809220051211603969,20993,6029
809448704142938112,7307,1575
809808892968534016,0,5266
809920764300447744,16300,4200
810254108431155201,15456,3598
810284430598270976,37217,12249
810657578271330305,11546,2846
810896069567610880,9518,1913
810984652412424192,5611,1547
811386762094317568,21986,6853
811627233043480576,13444,3340
811647686436880384,5880,797
811744202451197953,7943,1717
811985624773361665,7636,1510
812372279581671427,14391,3950
812466873996607488,8396,2075
812503143955202048,6399,1314
812709060537683968,6962,1533
812781120811126785,7974,2055
813051746834595840,22025,7873
813066809284972545,8377,2091
813081950185472002,10382,2971
813096984823349248,11073,3868
813112105746448384,10849,2961
813127251579564032,12449,3368
813130366689148928,4701,479
813142292504645637,8877,2534
813157409116065792,8158,2384
813172488309972993,9789,2056
813187593374461952,20868,4685
813202720496779264,9667,1938
813217897535406080,19607,7862
813800681631023104,8775,1886
813812741911748608,38249,15011
813910438903693312,9778,2004
813944609378369540,0,3424
814153002265309185,30253,9304
814530161257443328,9079,1990
814578408554463233,0,6225
814638523311648768,11831,2912
814986499976527872,8032,1377
815390420867969024,10875,4086
815639385530101762,8634,1761
815736392542261248,10333,2436
815745968457060357,0,4435
815966073409433600,23516,9107
815990720817401858,5227,1118
816014286006976512,0,5685
816062466425819140,0,1118
816091915477250048,9383,2314
816336735214911488,9027,2092
816450570814898180,32052,8710
816697700272001025,10275,2353
816816676327063552,10518,2175
816829038950027264,0,5040
817056546584727552,8999,1763
817120970343411712,12785,2805
817171292965273600,9153,2159
817181837579653120,0,9107
817415592588222464,5875,1031
817423860136083457,35732,15986
817502432452313088,0,3638
817536400337801217,12363,3261
817777686764523521,11233,2869
817827839487737858,54283,29155
817908911860748288,5084,846
818145370475810820,12856,2772
818259473185828864,11551,2447
818307523543449600,0,8710
818536468981415936,11428,2647
818588835076603904,0,6585
818614493328580609,10327,2760
818627210458333184,23377,8025
818646164899774465,0,22370
819004803107983360,90885,39416
819006400881917954,47365,20307
819015331746349057,0,20307
819015337530290176,0,39416
819227688460238848,24178,7168
819238181065359361,2393,429
819347104292290561,7553,1287
819588359383371776,10037,2109
819711362133872643,14074,3352
819924195358416896,13485,5179
819952236453363712,5573,1269
820013781606658049,0,1269
820078625395449857,20731,6720
820314633777061888,3492,604
820446719150292993,0,2763
820494788566847489,0,604
820690176645140481,12770,3449
820749716845686786,32974,10580
820837357901512704,0,7168
821044531881721856,13240,2449
821107785811234820,10034,2270
821149554670182400,9103,2155
821153421864615936,265,10
821407182352777218,12315,4643
821421320206483457,0,5978
821522889702862852,8391,1896
821765923262631936,8795,1773
821813639212650496,0,3573
821886076407029760,11849,2496
822163064745328640,0,5127
822244816520155136,36563,10500
822462944365645825,29632,15600
822489057087389700,18980,6841
822610361945911296,15452,3163
822647212903690241,0,6841
822859134160621569,13839,2437
822872901745569793,137950,46796
822975315408461824,18060,3678
823269594223824897,0,10500
823322678127919110,16434,4281
823333489516937216,731,26
823581115634085888,13605,2821
823699002998870016,14522,2674
823719002937630720,0,11954
823939628516474880,11102,2893
824025158776213504,4991,627
824297048279236611,15725,4121
824325613288833024,12313,11095
824663926340194305,10517,1850
824775126675836928,15599,3748
824796380199809024,0,5854
825026590719483904,6608,1364
825120256414846976,0,1364
825147591692263424,19088,4855
825535076884762624,54382,18325
825829644528148480,13273,2648
825876512159186944,10896,1995
826115272272650244,16322,3338
826204788643753985,5077,987
826240494070030336,13818,2754
826476773533745153,19197,4469
826598365270007810,10480,2498
826598799820865537,5313,266
826615380357632002,0,4200
826848821049180160,37936,10867
826958653328592898,22453,5335
827199976799354881,11002,2383
827324948884643840,16496,3252
827600520311402496,7706,1006
827653905312006145,16085,3195
827933404142436356,20921,5551
828011680017821696,10774,2278
828046555563323392,12230,3044
828361771580813312,2289,179
828372645993398273,13059,3141
828376505180889089,7683,1133
828381636999917570,13136,2364
828408677031882754,7980,1369
828409743546925057,6576,1219
828650029636317184,9890,1429
828708714936930305,38027,11925
828770345708580865,26571,6217
828801551087042563,0,3598
829011960981237760,55133,17211
829141528400556032,25410,7852
829449946868879360,10875,2145
829501995190984704,32973,11268
829861396166877184,12704,2080
829878982036299777,0,5335
830097400375152640,10200,3173
830173239259324417,0,6029
830583320585068544,69444,17810
830956169170665475,8277,1579
831262627380748289,12367,2162
831309418084069378,12184,2590
831315979191906304,6779,1186
831322785565769729,9584,1622
831552930092285952,9314,2423
831650051525054464,7460,2058
831670449226514432,10837,1919
831911600680497154,28684,6895
831926988323639298,354,35
831939777352105988,24875,6477
832032802820481025,18510,4922
832040443403784192,0,10245
832088576586297345,68,2
832215726631055365,0,9910
832215909146226688,0,6551
832273440279240704,11731,2460
832369877331693569,17803,3361
832397543355072512,12365,2342
832636094638288896,16425,2935
832645525019123713,3031,550
832682457690300417,12314,3094
832757312314028032,17430,3824
832769181346996225,0,39
832998151111966721,13770,2339
833124694597443584,20935,5103
833479644947025920,15378,2165
833722901757046785,21480,3390
833732339549220864,0,227
833826103416520705,18653,3939
833863086058651648,13884,2526
834086379323871233,13518,2333
834089966724603904,10398,2247
834167344700198914,16342,3843
834209720923721728,21325,5033
834458053273591808,9957,1773
834477809192075265,0,11268
834574053763584002,14156,2676
834786237630337024,21959,5811
834931633769889797,11199,1740
835152434251116546,23232,3185
835172783151792128,27039,6052
835246439529840640,2169,74
835264098648616962,7992,1795
835297930240217089,16999,3162
835309094223372289,0,22141
835536468978302976,0,1795
835574547218894849,18408,3811
835685285446955009,0,8568
836001077879255040,19736,4505
836260088725786625,21993,4506
836380477523124226,15250,3131
836397794269200385,0,29155
836648853927522308,0,574
836677758902222849,13020,2331
836753516572119041,19913,4857
836989968035819520,13128,2414
837110210464448512,16568,2501
837366284874571778,21855,5573
837471256429613056,13206,2390
837482249356513284,3962,462
837820167694528512,35271,8256
838083903487373313,18178,3317
838085839343206401,146,1
838150277551247360,1733,349
838201503651401729,0,10580
838476387338051585,23274,5046
838561493054533637,11275,1389
838831947270979586,0,11597
838916489579200512,0,36
838921590096166913,11515,2167
838952994649550848,20220,4174
839239871831150596,28040,6855
839290600511926273,0,148
839549326359670784,28315,8155
839990271299457024,13820,2402
840268004936019968,19839,5999
840370681858686976,16951,4755
840632337062862849,9242,1840
840696689258311684,12650,1030
840698636975636481,181,2
840728873075638272,0,16898
840761248237133825,0,1840
841077006473256960,23526,5540
841314665196081154,16279,4894
841320156043304961,20342,5705
841439858740625411,12995,3849
841680585030541313,26375,8105
841833993020538882,0,15986
842115215311396866,14389,3173
842163532590374912,25147,6056
842535590457499648,18582,3655
842765311967449089,6937,1335
842846295480000512,15647,3772
843235543001513987,22101,6298
843604394117681152,17320,2872
843856843873095681,21996,4820
843981021012017153,15531,3056
844223788422217728,13982,2292
844580511645339650,16902,3264
844973813909606400,15486,3338
844979544864018432,13954,2671
845098359547420673,0,7957
845306882940190720,23901,5603
845397057150107648,7829,1873
845677943972139009,25752,4960
845812042753855489,29961,9078
846042936437604353,16365,2997
846139713627017216,31628,10297
846153765933735936,32393,9417
846505985330044928,14419,3190
846514051647705089,45623,12034
846874817362120707,20509,4061
847116187444137987,21875,3304
847157206088847362,20352,6062
847251039262605312,20888,4438
847606175596138505,19159,3527
847617282490613760,7135,439
847842811428974592,5567,1377
847962785489326080,23982,5268
847971574464610304,0,442
847978865427394560,0,3361
848212111729840128,16647,3166
848213670039564288,8340,770
848324959059550208,25218,4749
848690551926992896,25656,4456
849051919805034497,43178,8784
849336543269576704,11599,1953
849412302885593088,16150,3245
849668094696017920,0,5103
849776966551130114,30988,7843
850019790995546112,20764,5028
850145622816686080,16581,3932
850333567704068097,3497,347
850380195714523136,13271,2693
850753642995093505,31386,9513
851224888060895234,20954,5884
851464819735769094,24581,7270
851591660324737024,16436,3563
851861385021730816,0,22
852189679701164033,11600,1623
852226086759018497,20227,6969
852311364735569921,33490,10134
852553447878664193,16507,3594
852672615818899456,15089,2203
852912242202992640,9157,1880
852936405516943360,0,2058
853299958564483072,15641,3631
853639147608842240,35076,10348
853760880890318849,28787,5882
854010172552949760,16297,3207
854120357044912130,32166,7614
854365224396361728,18987,4762
854482394044301312,29432,6989
854732716440526848,22941,6196
855138241867124737,0,46
855245323840757760,0,6056
855459453768019968,29953,8321
855818117272018944,26668,5505
855851453814013952,45595,17986
855857698524602368,11874,2136
855860136149123072,5002,1038
855862651834028034,344,26
856282028240666624,27704,6386
856288084350160898,518,17
856330835276025856,0,681
856526610513747968,11839,1899
856543823941562368,16247,2905
857029823797047296,18899,4037
857062103051644929,0,171
857214891891077121,226,18
857263160327368704,19958,4538
857393404942143489,5887,1655
857746408056729600,34127,10682
857989990357356544,16054,2598
858107933456039936,15649,2909
858471635011153920,21384,4842
858843525470990336,15460,3492
858860390427611136,0,8155
859074603037188101,33634,13637
859196978902773760,89203,30218
859607811541651456,18453,1568
859851578198683649,15306,3508
859924526012018688,19407,4068
860177593139703809,0,30818
860184849394610176,16538,5842
860276583193509888,18159,3466
860524505164394496,23393,5266
860563773140209665,7447,2147
860924035999428608,0,811
860981674716409858,0,2147
861005113778896900,16546,3779
861288531465048066,17008,4135
861383897657036800,35726,10638
862096992088072192,73525,23073
862457590147678208,20265,4921
862722525377298433,16861,3500
862831371563274240,18942,5070
863062471531167744,8389,2418
863079547188785154,8658,1093
863427515083354112,2214,96
863432100342583297,23498,5186
863471782782697472,0,2418
863553081350529029,15105,4141
863907417377173506,20330,4082
864197398364647424,29669,8835
864279568663928832,14386,2996
864873206498414592,31781,8622
865006731092295680,27558,7589
865359393868664832,26048,4945
865718153858494464,25208,5546
866094527597207552,0,8256
866334964761202691,51598,14207
866450705531457537,120136,34802
866686824827068416,18937,3424
866720684873056260,19696,4737
867051520902168576,31642,7734
867072653475098625,0,119
867421006826221569,15813,2454
867774946302451713,33307,7223
867900495410671616,23738,4103
868552278524837888,9910,2050
868622495443632128,26186,5197
868639477480148993,0,2050
868880397819494401,64128,14184
869227993411051520,20014,3710
869596645499047938,15628,3072
869702957897576449,27630,6201
869772420881756160,41506,9810
870063196459192321,35789,8154
870308999962521604,21359,4060
870374049280663552,80807,25645
870656317836468226,12107,2588
870726314365509632,118,3
870804317367881728,32791,6043
871032628920680449,22133,3725
871102520638267392,20395,5379
871166179821445120,0,5540
871515927908634625,19660,3364
871762521631449091,19746,3390
871879754684805121,36835,10843
872122724285648897,33488,7909
872486979161796608,39614,8759
872620804844003328,20202,3579
872820683541237760,14313,3597
872967104147763200,26542,5253
873213775632977920,7017,1538
873337748698140672,0,1538
873580283840344065,23523,3815
874012996292530176,33537,10071
874057562936811520,22053,3824
874296783580663808,25298,3984
874434818259525634,0,14207
874680097055178752,27011,4493
875021211251597312,24727,4566
875097192612077568,26603,5856
875144289856114688,21286,4764
875747767867523072,24431,4145
876120275196170240,27095,4511
876484053909872640,18207,2308
876537666061221889,22845,4483
876838120628539392,20072,3220
877201837425926144,26306,5397
877316821321428993,26555,5017
877556246731214848,22022,3667
877611172832227328,0,77
877736472329191424,77104,18404
878057613040115712,40762,6558
878281511006478336,7502,1241
878316110768087041,0,6410
878404777348136964,0,1241
878604707211726852,29257,6937
878776093423087618,18797,3977
879008229531029506,18381,2595
879050749262655488,21832,4527
879130579576475649,0,6558
879376492567855104,16286,3002
879415818425184262,102513,42632
879492040517615616,22717,3064
879674319642796034,302,10
879862464715927552,21635,3366
880095782870896641,26762,4177
880221127280381952,26159,4060
880465832366813184,27610,6030
880872448815771648,20604,3681
880935762899988482,16506,2684
881268444196462592,22412,5000
881536004380872706,47848,15351
881633300179243008,123,7
881666595344535552,48999,10272
881906580714921986,23546,3273
882045870035918850,28383,4756
882268110199369728,43468,11161
882627270321602560,27036,5855
882762694511734784,27376,4710
882992080364220416,23163,3768
883117836046086144,35954,6398
883360690899218434,21972,3568
883482846933004288,44458,9528
883838122936631299,21171,3309
884162670584377345,19713,2870
884247878851493888,70574,19735
884441805382717440,26166,5452
884562892145688576,23512,4501
884876753390489601,27003,5399
884925521741709313,74808,17511
885167619883638784,21219,4208
885311592912609280,0,17810
885518971528720385,19784,3599
885528943205470208,34821,6169
885984800019947520,31562,6509
886054160059072513,0,105
886258384151887873,27084,6057
886267009285017600,116,4
886366144734445568,20490,3070
886680336477933568,21714,4285
886736880519319552,11647,3132
886983233522544640,33969,7438
887101392804085760,29594,5721
887343217045368832,32587,10020
887473957103951883,66687,17439
887517139158093824,44837,11237
887705289381826560,29222,5169
888078434458587136,21061,3342
888554962724278272,19186,3388
888804989199671297,24753,4109
888917238123831296,28189,4329
889278841981685760,24434,5164
889531135344209921,14634,2162
889638837579907072,26220,4350
889665388333682689,46532,9632
889880896479866881,26948,4785
890006608113172480,29694,7038
890240255349198849,30888,7081
890609185150312448,26950,4098
890729181411237888,63139,18108
890971913173991426,11443,1982
891087950875897856,19587,2981
891327558926688256,38987,8999
891689557279858688,40751,8297
891815181378084864,24267,3993
892177421306343426,32183,6030
892420643555336193,37446,8142
